{
    "XGBoost": {
        "Accuracy": 0.7,
        "Precision": 0.6153846153846154,
        "Recall": 0.6666666666666666,
        "F1 Score": 0.64
    },
    "Random Forest": {
        "Accuracy": 0.7,
        "Precision": 0.625,
        "Recall": 0.625,
        "F1 Score": 0.625
    },
    "Logistic Regression": {
        "Accuracy": 0.7333333333333333,
        "Precision": 0.6818181818181818,
        "Recall": 0.625,
        "F1 Score": 0.6521739130434783
    }
}